Episode,Steps,Avg Reward,Avg Loss
1,493,-0.0013147157653686744,0.3388637917581001
2,120,-0.009934853290869228,0.18161787164087098
3,157,-0.007179087354883751,0.17265627186769134
4,293,-0.0034977324807618474,0.18864171959637782
5,279,-0.0034723734705344733,0.19320840412570583
6,415,-0.002688399320907384,0.1961955975516733
7,234,-0.0036781617717612136,0.17736436952001008
8,163,-0.0056441655356445535,0.18799061004780918
9,353,-0.0031924439797385022,0.18551255796875055
10,220,-0.004630784811186282,0.1831798446788029
11,404,-0.0017962311623051337,0.17376456765162915
12,348,-0.0025621426812772264,0.1598623994866322
13,89,-0.01257203915700077,0.15438966838161597
14,190,-0.004288792130454673,0.16239635290479973
15,258,-0.003749778752649476,0.14016993801910863
16,388,-0.0026461196828597502,0.14233254583446867
17,279,-0.003637022098772036,0.1478628549344277
18,212,-0.0055943693470764475,0.14502065246573315
19,382,-0.0015838521496185178,0.13182328232559157
20,403,-0.002684877396522902,0.13217246686235515
21,142,-0.007077020251364194,0.15365394130086815
22,171,-0.006531501506272272,0.14355925233130568
23,183,-0.006138100258642196,0.16170533961753863
24,244,-0.00466811022643089,0.13115781359374523
25,290,-0.0034007826519846392,0.1300913248965838
26,559,-0.0018585425841237044,0.11532596804947993
27,186,-0.00506322599962046,0.11171570060003588
28,391,-0.0026267177626123858,0.10903498661392333
29,295,-0.0028976866333787796,0.10900545342020311
30,153,-0.006881585680192898,0.09981901194668966
31,330,-0.003387136920217458,0.11611843942805673
32,352,-0.0021515768498307445,0.09785754824141887
33,83,-0.01367475816245412,0.10215995477579803
34,354,-0.0030559011437935654,0.1141712324151843
35,64,-0.01763368372795071,0.08063048286567209
36,242,-0.004190382195475298,0.10230849306330023
37,182,-0.0064411467320405055,0.1123302435927134
38,286,-0.003835446698025508,0.10600282039193736
39,217,-0.0038468149418757237,0.10273191762749054
40,457,-0.002620559979365523,0.09808952866185301
41,327,-0.0029453064549818083,0.10079589325632751
42,135,-0.007967714172459889,0.09227537983269603
43,246,-0.004347967968219003,0.0908861868641892
44,146,-0.0069388277107176564,0.09536310498226332
45,244,-0.003906188681304305,0.10458800935407826
46,170,-0.006554651161097524,0.086665346236516
47,252,-0.004512905790755714,0.08128694681421159
48,190,-0.005961984695534882,0.08080666983304055
49,298,-0.003210378194459954,0.08705172329303502
50,116,-0.010116686977061489,0.08204998265839471
51,281,-0.0037234416286585394,0.07825988831016768
52,488,-0.002018366617945884,0.08291138822478089
53,280,-0.003121226731757685,0.07860738706409133
54,230,-0.0037759882412738872,0.07033899432331647
55,561,-0.001700479509388446,0.07708817350395097
56,88,-0.01272835091226005,0.06341611404654528
57,108,-0.009855197435339531,0.07583839968019337
58,411,-0.001893365023118312,0.06480962468521928
59,109,-0.009407864703812557,0.06525582675779358
60,449,-0.0018805097813340344,0.06579415525702806
61,194,-0.005426319407397433,0.06646979160873297
62,269,-0.004118629788625969,0.06766177341298696
63,305,-0.0029992199249745757,0.056873075030057035
64,173,-0.006002752864606535,0.06231545268105763
65,360,-0.0029845067631092724,0.05597850723586614
66,114,-0.009686778807681855,0.058996636080433075
67,78,-0.014768730260068598,0.05816402153309005
68,137,-0.007763350471966085,0.05408087869244458
69,508,-0.0019586806714993435,0.06340151104052169
70,255,-0.003900442693527878,0.05762751017441498
71,261,-0.003966202716573737,0.04699805656191982
72,337,-0.0026082390377410686,0.05545692251841828
73,392,-0.002109728716102869,0.0495479440623039
74,264,-0.003650020472002435,0.05418517910716632
75,312,-0.0027061132396791155,0.04635255273863619
76,142,-0.007405430765506422,0.05084275004772049
77,85,-0.014060838263093072,0.03575346953208175
78,216,-0.005494418587544046,0.04090204988433807
79,218,-0.004946479409944905,0.039749924840038184
80,211,-0.004519362610268925,0.03859781029069205
81,96,-0.011400869355388199,0.04108721829834394
82,424,-0.0019664160287915216,0.04692369899374789
83,258,-0.004116152383541823,0.044940857434656124
84,452,-0.0023421644277873263,0.04148407052752698
85,141,-0.008270787493603675,0.03978858268753698
86,221,-0.004969143148027221,0.03968202043877814
87,380,-0.0024473689743103933,0.037826456453982055
88,561,-0.0015020572390387692,0.03656357549107675
89,467,-0.0016433076119159891,0.03458396553815237
90,237,-0.0042137032374147945,0.03684693704509542
91,258,-0.003777936190893392,0.03736173842813415
92,349,-0.002826683624312622,0.035832816947893344
93,329,-0.003206920661186901,0.02904383246546277
94,324,-0.0027622744762604576,0.029158019770819256
95,86,-0.013041034321917704,0.03322406635730701
96,125,-0.008960523152385576,0.020877632968127727
97,269,-0.0035953882987856426,0.0348890579379593
98,583,-0.0014401178157110173,0.028859288770067274
99,279,-0.003578022073782937,0.02720731528334847
100,306,-0.0026554459096350346,0.025779113752708093
101,223,-0.004648930143456191,0.030179662358761253
102,445,-0.0023825550670337403,0.024952392070292588
103,321,-0.0034109473759207083,0.027489918102604566
104,427,-0.0023536108041279707,0.026645768026491972
105,297,-0.003456372355914649,0.021118495005585866
106,331,-0.0024975460500750147,0.02342258290889929
107,473,-0.001937789229562904,0.021324378202386775
108,244,-0.00427522262950173,0.022071989940443137
109,245,-0.0038030971010572074,0.020429744484492255
110,274,-0.003793402949264975,0.02082931719521523
111,122,-0.009154340513126297,0.02054053563891803
112,216,-0.004707384177911599,0.02270198240229446
113,214,-0.00492291929220377,0.02134748197880913
114,345,-0.0034727152203075,0.01814121129413041
115,178,-0.006469118208846584,0.017647185024420805
116,320,-0.0031607827124048526,0.01932314111490996
117,552,-0.0018371363738506582,0.017349039953736843
118,201,-0.005146946994146111,0.017662603280388874
119,369,-0.00256104030080158,0.0168932050256422
120,279,-0.004123417979031252,0.015162120762658321
121,269,-0.0038646549195059583,0.01834234713575003
122,188,-0.005517207373602251,0.014203607041247566
123,144,-0.0074165634575717515,0.016517494474909553
124,80,-0.014818672859905745,0.013647660683636787
125,178,-0.006044015638143735,0.017076230235790225
126,46,-0.02483123038101716,0.009277745098148918
127,525,-0.0013153045910489053,0.01798715826778096
128,164,-0.004899052478073949,0.018995056305401506
129,342,-0.002846292560618276,0.01724177773729408
130,203,-0.004479082310029169,0.016947121766288053
131,227,-0.004589547420071556,0.01680188128465196
132,171,-0.006778877719710696,0.016971537721825337
133,66,-0.017104390121692795,0.01945931319972839
134,338,-0.0033367417420698325,0.01579931835466913
135,284,-0.0036345525641857997,0.014275047971955565
136,82,-0.013836838215577633,0.015615824881157406
137,186,-0.005453387279116732,0.0169132227636373
138,314,-0.0035694452802649402,0.016387859536416437
139,255,-0.0032197938420553077,0.015516743469325935
140,638,-0.0011143867271425814,0.015406079383765502
141,223,-0.004867036609480217,0.015880751991780233
142,258,-0.003925612857271663,0.01702232608393867
143,207,-0.004399782641273222,0.013638724744486384
144,490,-0.0017108849824099238,0.014933821353681234
145,236,-0.00479918535921822,0.015148626977846153
146,461,-0.0019128494640868823,0.015762099741408582
147,151,-0.0070244557698885424,0.011842968614636273
148,213,-0.004159494691896857,0.015305824821843315
149,253,-0.0038293428985989413,0.014927738314639895
150,227,-0.004333951518749939,0.013451468894649954
151,343,-0.0028816968727201756,0.013625574166175118
152,206,-0.005608712030396742,0.0148139805128929
153,95,-0.012118040883166521,0.01320122831108931
154,116,-0.009666060521794861,0.012765413970618252
155,346,-0.003284545006828324,0.01526746398421419
156,155,-0.006858440511697491,0.014120241370232356
157,419,-0.002178073360275789,0.014527040907695249
158,336,-0.0027924574412526767,0.0142188198267485
159,190,-0.005973553387856686,0.01380685879726355
160,231,-0.004775441087836496,0.014213957146991415
161,250,-0.0036327417039742614,0.012010735698742793
162,89,-0.012049247061824052,0.017459198846900312
163,146,-0.008136402510526778,0.015569421404507011
164,251,-0.0038769707320583957,0.012242418991919399
165,348,-0.0031878697375592392,0.013395468093389271
166,272,-0.0035605150611622643,0.014309673842944903
167,246,-0.0043426839965702785,0.012359888452565207
168,426,-0.002118451207208792,0.013082825285524673
169,658,-0.0012966764317886748,0.011872431171769955
170,245,-0.004089777695391641,0.0120156695386775
171,432,-0.0017848179530649008,0.01118891352382855
172,622,-0.0016424085872691243,0.01112522564471289
173,239,-0.004182759703614416,0.01043212599370426
174,305,-0.0031059762652404753,0.010923839230891928
175,191,-0.004757230001810197,0.011943521775020022
176,177,-0.006208464101916206,0.009536977672533758
177,415,-0.0022028049604000716,0.010174029951365328
178,254,-0.0037273262785891517,0.00964216154373955
179,495,-0.0016375640912580517,0.010971502520524982
180,333,-0.0025791108836152937,0.010307204662109012
181,331,-0.002873332954169344,0.009945861423694812
182,267,-0.0038425667145532924,0.008815389765297457
183,408,-0.0025597868161090854,0.009589674577571214
184,326,-0.003490918506963262,0.009044848659405759
185,449,-0.0020001598495923137,0.008647221380783523
186,264,-0.003667918908394258,0.008199838318625663
187,524,-0.0017420341015403702,0.008364228581261415
188,304,-0.0030744811855700654,0.00833498353906754
189,355,-0.0028648518359632225,0.007305252671891063
190,325,-0.003408578687942736,0.007937772204347241
191,429,-0.0023186645042204907,0.007509396909635692
192,253,-0.003864908651839078,0.005761671344300533
193,583,-0.001588734422181921,0.007130224841481512
194,329,-0.0028235383314499413,0.007029729022178799
195,377,-0.0024866398855670434,0.006360803122693347
196,406,-0.0024995079136119346,0.007209542776449937
197,421,-0.002562095017185999,0.006180397633047257
198,373,-0.002306891653200383,0.005405724324203588
199,231,-0.004080843980226081,0.006593953931726338
200,73,-0.01558436427963798,0.005407422423770983
201,418,-0.0026881147798380597,0.006749078526961479
202,249,-0.0036186358189766966,0.005783075250986305
203,285,-0.003950994374181954,0.006120152647602944
204,429,-0.0020590273744730356,0.005931940159298011
205,174,-0.006408785279800527,0.008214789870243263
206,233,-0.004341665979102189,0.006121847749829628
207,315,-0.0029476107339637303,0.006215486374114536
208,259,-0.0043581549283550555,0.005913456963037202
209,281,-0.003460598449735333,0.006906325842487523
210,105,-0.010790533030598497,0.005934817408810237
211,231,-0.004533204510069981,0.005724041312489481
212,274,-0.0036506250074528055,0.006864149928990289
213,257,-0.0039650478138526955,0.005632255088781633
214,581,-0.0013351782799552129,0.006471903452676963
215,124,-0.009209135836539968,0.005461953249440769
216,244,-0.004798639849195856,0.005609258798239218
217,203,-0.005166418652392595,0.006134452335559419
218,320,-0.0032844607706699947,0.0059271993341099005
219,292,-0.003656571614721094,0.006284008552328275
220,221,-0.00460553077767153,0.006375907055350923
221,234,-0.004035970852111702,0.00722079043292528
222,259,-0.004061090477882699,0.006526829023093963
223,288,-0.0030078748803911517,0.006445804760409778
224,70,-0.016029619227213385,0.005419981714970033
225,353,-0.0029856181829246748,0.006956628453357161
226,482,-0.0018894604395625577,0.007070332832119517
227,117,-0.009571403791915534,0.006994655054325285
228,347,-0.0025062266992688462,0.006582720144715573
229,272,-0.003901184064550984,0.006013167991434731
230,231,-0.0037196591362232473,0.006280315212161558
231,309,-0.0028381164214605933,0.006650885674442409
232,146,-0.007362127129368828,0.007041036785254893
233,193,-0.005009745355407148,0.007581080974156876
234,487,-0.0016633884207246524,0.007525448321156372
235,303,-0.0035261574159133726,0.00608317288739158
236,254,-0.004580351483456718,0.0064607050435298565
237,178,-0.006393287068610764,0.006903499084605909
238,275,-0.003519671444542961,0.007028931904668835
239,304,-0.0035184177739546975,0.006565668131148222
240,152,-0.007375865457067897,0.007084853035370256
241,410,-0.002320478955762682,0.005935071630647588
242,198,-0.004901628333823972,0.0071003738575558546
243,221,-0.004563770051302267,0.0073572856672234595
244,313,-0.0032603946363135954,0.006581158298752107
245,167,-0.006221489449032021,0.007009065067284033
246,470,-0.0020104638505978392,0.005759410189212042
247,288,-0.002980535740480011,0.006754347506406096
248,323,-0.003146087888413104,0.006914725881278941
249,118,-0.009618696880592116,0.007194330108300704
250,432,-0.0022137297137997843,0.006713584522071027
251,255,-0.003894085843641876,0.006077960368779981
252,270,-0.004014024793531234,0.006198800238133926
253,473,-0.001753733749983023,0.00590796185013529
254,207,-0.005642699826102076,0.0059268207490052755
255,446,-0.002551394899753754,0.005975966238559771
256,324,-0.002481968032979531,0.0053552191750862186
257,551,-0.0019784134392940808,0.0058664970148309134
258,380,-0.0027813134363555035,0.006188504134709212
259,499,-0.002034216258667704,0.005589509665600224
260,358,-0.0023484192886910264,0.005358576934424349
261,250,-0.0037748212402802894,0.0051674961659591645
262,167,-0.006375792303937553,0.0049991360394992385
263,256,-0.00413458835405045,0.00542228487461216
264,619,-0.0014388653508763016,0.0053027465895137274
265,670,-0.0015035900979604938,0.004674700597855402
266,322,-0.0032912578604011385,0.0045106500340734105
267,316,-0.0027208251293694657,0.004706194450602796
268,220,-0.004189269744186932,0.005003196289445358
269,152,-0.006509592666156331,0.005362938962781827
270,266,-0.0034391922945736526,0.005202651652441837
271,264,-0.0036676527935995927,0.00448694924875092
272,322,-0.0026256672634483932,0.004445969725102881
273,593,-0.0012500877670317146,0.004849619477905622
274,124,-0.009075980661060795,0.00502403139281312
275,219,-0.00511851044341929,0.004544470336561445
276,545,-0.0015587190569032344,0.004489582928843847
277,274,-0.004009778085568654,0.004027878865599632
278,130,-0.00871686644163674,0.005282129122777125
279,269,-0.004485096372579579,0.004614219074674145
280,214,-0.005302163273941387,0.0047901185154893096
281,258,-0.003863126876967087,0.004577514872969265
282,67,-0.01678710929415651,0.005668020516168326
283,271,-0.0034421563445483794,0.004130561284701996
284,364,-0.0025619571180529026,0.004922683345464795
285,698,-0.0016118754568162361,0.004757657258901118
286,151,-0.007189960293234381,0.0047730851655560765
287,121,-0.009455299667670936,0.006256769836037459
288,266,-0.004249941665979951,0.005377311695846764
289,153,-0.006974345484891249,0.005259092232163727
290,242,-0.0038779544209071606,0.005151034702382374
291,288,-0.003886228366348653,0.004899708439855506
292,261,-0.0037782765749882464,0.005405278555055103
293,131,-0.007929139536770002,0.004648696936894464
294,148,-0.007829571359373809,0.005800566189242779
295,111,-0.010212699459369614,0.005225503198940911
296,51,-0.022155497862941582,0.005740371679969351
297,202,-0.005319596748429649,0.005057545829193187
298,304,-0.0034961519010458255,0.005396347349711792
299,177,-0.0061977917521225554,0.005358551900523405
300,435,-0.001733707869926814,0.005261313314174955
301,103,-0.011146058462419178,0.005064908627000212
302,210,-0.0049408004372985545,0.005526894034119323
303,491,-0.002032202059605403,0.005493449994890197
304,250,-0.00364636411986794,0.004864744199439883
305,354,-0.002508218739046119,0.0056528386956384655
306,514,-0.0019607954829529905,0.006007018525179218
307,132,-0.008157401533890841,0.0052584162084244645
308,504,-0.0017805678655551048,0.005428975071568164
309,169,-0.0067557715899094015,0.005374321299012662
310,150,-0.007168127310342243,0.005431115364190191
311,437,-0.0023017472286255202,0.00604945414692155
312,400,-0.0028355905431447326,0.005873268201539759
313,149,-0.007487856051687189,0.005139731620391518
314,379,-0.0023186146282829466,0.00497226078461949
315,507,-0.001729400103427777,0.005490295550968733
316,157,-0.007166356341455467,0.004687862743246873
317,416,-0.002270058128277724,0.00520147361301217
318,855,-0.0012430807090695372,0.00487408348912651
319,506,-0.0015185604990159236,0.004798482925727275
320,233,-0.00484608278891701,0.004814839265244322
321,279,-0.004013784199530187,0.004843559039140781
322,248,-0.004508343492037995,0.004594180612677461
323,284,-0.0035657086180959727,0.004725984203822675
324,339,-0.0023861404507163767,0.005142845598545343
325,175,-0.006397116491013678,0.004452632500989629
326,183,-0.006121239276028133,0.004352691824754059
327,99,-0.011506172667662148,0.004419097690984156
328,130,-0.008230239836434696,0.004476388466383259
329,437,-0.0022466021787955963,0.0041261158572686776
330,272,-0.004298675995892117,0.0043413937425665445
331,326,-0.003425528890243939,0.004796879184364478
332,255,-0.004267538104949042,0.004204319479108295
333,318,-0.0035606841945122164,0.004244345405765768
334,367,-0.002904298274201178,0.004911378066531923
335,382,-0.0022787961171055492,0.004927984773302061
336,156,-0.0073079911085100185,0.0044945971310834205
337,550,-0.00156401441547349,0.004592646292823536
338,202,-0.004945096844548431,0.004109515236675657
339,117,-0.009686218011075132,0.004270024330984069
340,186,-0.004892003434423547,0.00483515616963237
341,143,-0.008198537625516098,0.004241271506607454
342,353,-0.00332153765397436,0.004824273583245735
343,221,-0.004892897777519601,0.004452172775038547
344,300,-0.0029885752902974617,0.00449205951183103
345,350,-0.0028631530230839937,0.005063362464009385
346,453,-0.002049681011222786,0.004936408402761095
347,573,-0.0016653931268517915,0.004675759045079263
348,117,-0.009126763396152378,0.004016286444762706
349,421,-0.0021772851753876607,0.0041200687984782195
350,462,-0.0018376404812735776,0.00496064956536571
351,265,-0.0038736763984336996,0.004459254241346399
352,269,-0.003890147424125843,0.004700518496460922
353,600,-0.0011838054134562744,0.0049887040117270465
354,83,-0.013563281465898596,0.005275741394143552
355,374,-0.002267534987811177,0.005376084865802989
356,274,-0.002827609374916675,0.004793086795227256
357,107,-0.01047069515204818,0.005867644693489212
358,487,-0.0018240097999407854,0.004857021860957138
359,204,-0.005082286190501833,0.004102473611876085
360,284,-0.0034573260196156166,0.00467633912634944
361,257,-0.0031565430961454127,0.004922019701305205
362,262,-0.003876780009366156,0.005045983290081161
363,195,-0.004872087122706804,0.00477493830019226
364,73,-0.015777360168550792,0.00624623919409789
365,416,-0.0023443330729180025,0.004948208121836965
366,335,-0.0030794765680808786,0.005141963408356393
367,186,-0.0054396575188603484,0.004377081331806958
368,373,-0.002227471051510607,0.004766302417427546
369,458,-0.0016536662980235193,0.004635585786728493
370,227,-0.004798492712520688,0.005252585120423234
371,208,-0.0049841810918084,0.0047388181329342145
372,356,-0.0024578296070968957,0.004562362825126502
373,267,-0.003693053862490194,0.004315489982446649
374,236,-0.004541892610456856,0.005041701499776228
375,127,-0.008789868641594773,0.004107529713632906
376,97,-0.01159553046450925,0.0037983971781135758
377,256,-0.00393689360684224,0.00475293578210767
378,164,-0.006428738729157198,0.004469155255497842
379,306,-0.0030315006143478715,0.004735058555501251
380,251,-0.004074636076739266,0.004287792204376459
381,577,-0.0013896076897508174,0.0043637762658267345
382,163,-0.004877512489655116,0.00532704973886178
383,331,-0.0032760151553728185,0.004612128493682766
384,456,-0.002078573099656738,0.004279994460758692
385,278,-0.003654795559805852,0.004253371106230372
386,429,-0.0020121197238219236,0.004580402764910181
387,196,-0.005008172376879624,0.003836830161162652
388,371,-0.0027542053698786026,0.004210494124883475
389,457,-0.002383419046205522,0.004392277437460423
390,135,-0.00836115659878858,0.0037391845335218088
391,301,-0.0024487857787384376,0.004397217068856774
392,79,-0.014373052480846766,0.004276674226828249
393,402,-0.00246864877280858,0.004342067496595089
394,435,-0.0022593506089150254,0.004619165911505149
395,221,-0.004882191786907748,0.00460074550068697
396,508,-0.0021463030868297097,0.004337571133028966
397,215,-0.005012600768337681,0.0042703594977231045
398,284,-0.004186191446999312,0.004373231804031964
399,132,-0.008563975661308112,0.0036864099203023325
400,552,-0.0017665425213423355,0.004534859590184287
401,101,-0.01117544486563493,0.004935993328298635
402,103,-0.010895924597737142,0.0035996155782819735
403,629,-0.0011996450108087075,0.004466272333985941
404,215,-0.004712576874871275,0.004169645696623944
405,104,-0.010924890551022005,0.005171613959156765
406,137,-0.008203723346960165,0.004440082611013068
407,548,-0.0017612742481346322,0.004444671101325589
408,565,-0.0018241503736352513,0.004350409385608097
409,269,-0.004142534549199399,0.0040949906926207435
410,229,-0.0044029665843196815,0.003733584610923238
411,394,-0.0024941558853102085,0.003954723573686924
412,457,-0.0020360539863188295,0.003948398351697842
413,147,-0.00752210638064858,0.004434781280095962
414,336,-0.0026934705394945674,0.003852289176349933
415,592,-0.0016988847712386236,0.004374608058512692
416,387,-0.0024486107346583493,0.003976687885976086
417,133,-0.007383768237884526,0.0041495826155738555
418,219,-0.004714171829461602,0.004075713992702507
419,142,-0.007506184820877072,0.0046445423475643755
420,150,-0.007510334971264925,0.00388601175431783
421,565,-0.0017626087061805378,0.004122676044925058
422,547,-0.0015711962974122489,0.004196391560163237
423,90,-0.012396003365312127,0.004402913774700008
424,144,-0.00814363038675007,0.0036617338440313083
425,397,-0.0025302445772299874,0.00401315797397149
426,77,-0.014515558313686089,0.005080001621488966
427,171,-0.006231070361823903,0.0032794065909645363
428,76,-0.014886661687748864,0.0035520925142152825
429,203,-0.0051213100779440865,0.004110942372055541
430,493,-0.002005993635845235,0.004435897017753557
431,217,-0.004843600093528345,0.004198086082539414
432,375,-0.0026608652134820733,0.004025338613971447
433,259,-0.0034137424850016742,0.0042169023943214555
434,99,-0.011284060710162098,0.004443613945499457
435,557,-0.001830954390142858,0.004561071820472262
436,291,-0.0036831909961767884,0.00474092977361904
437,168,-0.006923307059228786,0.004038228629118142
438,165,-0.006803589984271198,0.0039414356413269135
439,218,-0.005135082768849395,0.004144070579760084
440,729,-0.0012289808572184381,0.00363771642827517
441,466,-0.0024223908967556866,0.004060211198895574
442,172,-0.006190945474298022,0.003760651786145646
443,402,-0.002185783727210847,0.003919517291120175
444,267,-0.003443648685461068,0.0038437776019873467
445,190,-0.005338197564061064,0.0036189663469007143
446,137,-0.008141262224090118,0.003976718582727872
447,367,-0.0029801414437822644,0.005115762660397237
448,64,-0.017701350012501393,0.004608826815456268
449,115,-0.010014086747598768,0.0039027004915228843
450,420,-0.0022465479910849916,0.004218517954896448
451,370,-0.002973836079232766,0.004144225873971811
452,591,-0.0018185678423711204,0.004259393938309663
453,443,-0.002407955157183254,0.004347189939102583
454,369,-0.002833193017587417,0.00411527334886911
455,469,-0.002318428638594049,0.003688765237411198
456,113,-0.009520550092769156,0.004750695442203927
457,226,-0.004328617022304014,0.0043974314376905525
458,324,-0.0032920256923179643,0.004157462754656192
459,554,-0.0019481092270517402,0.003766360817920914
460,387,-0.0026576547876550017,0.0034344986420141617
461,124,-0.008263301221274886,0.0032322189442986144
462,253,-0.00416817383813176,0.0030470518580510875
463,439,-0.002400152905592571,0.003433064401153993
464,294,-0.003621682333717849,0.003561656412586956
465,167,-0.00669126994562602,0.003591578485671442
466,188,-0.005971496999474399,0.003966984339987245
467,108,-0.010421245203059681,0.0035462869747317637
468,581,-0.0019050465461752377,0.003710612459274541
469,99,-0.011782661161872153,0.0033660375991144756
470,431,-0.002306373569359312,0.0035971280673827775
471,519,-0.0018853403714230873,0.003664123570187168
472,361,-0.002891337252540838,0.0035970054995436273
473,900,-0.0010791165800274093,0.003540298259370805
474,259,-0.0037840445734705747,0.0032723768987076205
475,484,-0.001715836702998969,0.003232070827045601
476,615,-0.0016456646312261415,0.0030931995647800405
477,409,-0.0026468425970964443,0.0030814008674843914
478,242,-0.004507922254082157,0.0025492970461760884
479,363,-0.0028039575642263745,0.0028799659873682175
480,207,-0.004923452918145975,0.003064237922347929
481,234,-0.004570029393881148,0.0032834147272778787
482,342,-0.0028350643962565016,0.0030648743177046564
483,245,-0.003854217482639147,0.0029284395479445098
484,116,-0.009652934415318417,0.003403818619925256
485,110,-0.010170338408403784,0.002820764191776768
486,77,-0.014622707079637054,0.003094606924735542
487,172,-0.00678905103205592,0.0031270799707610506
488,110,-0.010229427345075237,0.0034665505015502936
489,83,-0.013565192118199688,0.003046292867735926
490,204,-0.004692118472148202,0.0030082236706078344
491,121,-0.00900795651692864,0.00439511977851945
492,248,-0.004420348820046214,0.003704094863590604
493,748,-0.0010855115800507246,0.003634854598826216
494,88,-0.013159707669369813,0.004011896212680519
495,93,-0.011837673349795123,0.003590855726806988
496,132,-0.00849511800049296,0.0037585454710731
497,321,-0.003105157765852714,0.0035579472511311893
498,323,-0.003217372601956562,0.003365514447462771
499,329,-0.003166506167099629,0.003916257676933142
500,739,-0.0010958435136717434,0.0035042640788062237
501,722,-0.0013834013677233305,0.003470202647779205
502,463,-0.002046036134829163,0.003393244629773084
503,318,-0.00314124420573929,0.003910352599495178
504,240,-0.004558066056203739,0.0033727694605962216
505,384,-0.0023139860438856166,0.003077258126798673
506,405,-0.002382664732698248,0.002927093466644658
507,301,-0.0031738336169478756,0.0028433869092955727
508,339,-0.0026662948188463293,0.003096067897029699
509,877,-0.0010610690060830197,0.0032813752941126717
510,313,-0.0031630772049376795,0.0028661625114263603
511,346,-0.0025225513853440735,0.0032576299327993605
512,162,-0.007155385016765784,0.0033022187183823805
513,454,-0.002443976421417101,0.003356257159509573
514,154,-0.007170426906513369,0.0036374811673092404
515,230,-0.004735137192442776,0.0034083135857540386
516,589,-0.0018474089334409216,0.0030817993863107057
517,283,-0.003601162050395812,0.0029087847088629794
518,525,-0.0018139317357550259,0.0023926670939683737
519,205,-0.00483792537379791,0.001971525254747376
520,376,-0.0026768308134327927,0.0023429592940683894
521,472,-0.0018505098249549472,0.0023834329209822206
522,175,-0.006260508314184595,0.0024014551633237194
523,309,-0.0030576791287559367,0.002060236166774606
524,257,-0.003657879689748589,0.00233021389954843
525,379,-0.002791944861515372,0.002119560988919716
526,213,-0.005626763705413182,0.0022811835888333775
527,494,-0.0019740673920761896,0.0022459822441291003
528,290,-0.0037845271043583407,0.00275782064287843
529,419,-0.002559082473284223,0.002509274778441417
530,376,-0.002619709297855909,0.00240013571949911
531,161,-0.006493473430990817,0.002944978757187296
532,298,-0.0035321194318194346,0.002481913086532415
533,397,-0.002476643145067064,0.0023990524789788796
534,77,-0.014560402809365769,0.0026368872499147843
535,631,-0.001774948948975504,0.0024456759672516013
536,480,-0.002222880728633925,0.002442119761205201
537,338,-0.0030255284471802186,0.002115192423063501
538,552,-0.0014715696821408233,0.0022840219732999053
539,436,-0.0021878328458265445,0.0021936206508936774
540,546,-0.0018570578793370106,0.0024186246814129485
541,418,-0.002401061715562628,0.002239428612870904
542,210,-0.005311103858764996,0.0020677347928063855
543,190,-0.0051689979973137895,0.0021252027397215562
544,352,-0.002865249188297079,0.002554197457605121
545,278,-0.003442984242602104,0.0026618081951939347
546,226,-0.005072607237592998,0.0023091134695857516
547,331,-0.003589277008414459,0.0023584836341118513
548,189,-0.005904962328375754,0.0025458664072969457
549,371,-0.0030372114895922597,0.002436824469978361
550,294,-0.0030433003258313277,0.0024696815546901363
551,205,-0.004660086499751099,0.0023978000175968813
552,345,-0.003419959262151247,0.0024293666886860857
553,223,-0.0048446507078141665,0.0023805621088453205
554,205,-0.00504192044922281,0.0023673912508856143
555,208,-0.005644837416790201,0.0024254149883255684
556,393,-0.002808305774706493,0.00218199653780999
557,548,-0.0017530804769900392,0.002361944871725188
558,262,-0.004009560428740033,0.002402400980612
559,299,-0.0039047022507932056,0.0022749592945093358
560,205,-0.004752516254604149,0.0022688709155417887
561,214,-0.005014462080270868,0.0021703816904353464
562,228,-0.004151438407166496,0.002450233577978348
563,117,-0.009458828108988578,0.0021105668421448646
564,497,-0.0017651134637470963,0.002493706151716115
565,261,-0.003868045631097377,0.002523454526837173
566,270,-0.003932739084135471,0.002200249731820939
567,287,-0.0037380251929505053,0.0025985284580870203
568,747,-0.0013776459849656115,0.002436420146097402
569,213,-0.00465542545172216,0.002693939594412004
570,50,-0.022739030550874305,0.0017811513412743806
571,338,-0.0032499148283655147,0.0026599926380309713
572,400,-0.0028617031036103314,0.0024841999258933354
573,62,-0.018131644705454496,0.002250419939481353
574,126,-0.00887909093886095,0.003304768446555716
575,401,-0.002514517087570822,0.003163556359372127
576,471,-0.002141891593877391,0.0027120269452752606
577,480,-0.0019516044992829032,0.0028003739341632655
578,253,-0.0038695573939557908,0.0030407410270530777
579,441,-0.002486589846467561,0.0025917658136334998
580,79,-0.014395069938887624,0.002882595412002853
581,199,-0.005098977896098098,0.002979782586197729
582,423,-0.0026004999897261084,0.0029269622895595824
583,89,-0.01309564898106478,0.0026259751885140503
584,329,-0.002996916558327651,0.002799242946420482
585,379,-0.0026577464171523846,0.0027944242281779047
586,539,-0.0015825871436906096,0.002663396570431103
587,434,-0.0023035090952381087,0.002570063298759115
588,232,-0.004495214371847224,0.0026346937445160964
589,385,-0.0023038347544594192,0.0028844282463459034
590,749,-0.001250993138517294,0.0028819097573194374
591,97,-0.011959369288447728,0.0029704147699581864
592,352,-0.002593955279297753,0.002493116134742608
593,114,-0.009952616061351012,0.003054727143567186
594,126,-0.007689047856495613,0.0029867192633756777
595,298,-0.003566627837603122,0.002947664417966344
596,380,-0.0025823003301840837,0.002788336064412234
597,186,-0.005997567347099336,0.003293786732096886
598,467,-0.0022281612394995324,0.0022918409609639164
599,235,-0.004643987554668051,0.0029678172560686127
600,342,-0.002481700819503804,0.0030652250435403467
601,346,-0.0034375061799294623,0.002844967125304988
602,294,-0.003627912689193646,0.002543253507090932
603,421,-0.0024448336202457953,0.0027764834661101437
604,504,-0.002077499022007488,0.0025832811943906735
605,441,-0.002398584023228033,0.0023646358222858517
606,671,-0.0016775182916312378,0.0025662514247519314
607,734,-0.001451629622284991,0.0022206866030801123
608,235,-0.004083159637273825,0.0025752740909043264
609,290,-0.0034525692247240735,0.0023010091655405944
610,340,-0.0028859927476064793,0.0021658584267082487
611,323,-0.003351838880984636,0.001986288472092076
612,331,-0.00297637615200212,0.0022628538631812986
613,240,-0.004714884104632944,0.0026124508114056273
614,518,-0.0019978282633841844,0.0022734309784368193
615,179,-0.006479498733901613,0.0021254768555752372
616,446,-0.002401135175705454,0.0023764541885954423
617,457,-0.0022928835483190316,0.002111640399249568
618,84,-0.0135372004094842,0.001909259251641786
619,270,-0.004144648323871378,0.002406960673397407
620,550,-0.0019636075968338155,0.002192371461291755
621,764,-0.0012686357190605675,0.0021736436205678704
622,162,-0.00705867195252088,0.002396845058997932
623,208,-0.003970415483689311,0.0019306871398349847
624,475,-0.0019917781176061722,0.0018266269383265784
625,249,-0.004412996788652751,0.002120395012007723
626,159,-0.006445178155284084,0.0018026082598569118
627,421,-0.0021306343005318956,0.0018466666300455882
628,269,-0.004231267061474816,0.002000799440462004
629,361,-0.002857600715751213,0.0021768207398986245
630,258,-0.003540747452509391,0.0024257400192684935
631,386,-0.0024989683869859423,0.0022568535837049265
632,189,-0.0062908212066528175,0.002040908067356598
633,654,-0.0017323895709789258,0.001985371092731163
634,331,-0.002528084844784795,0.0022197063358376096
635,209,-0.004517329725376819,0.0025251712385480378
636,169,-0.006649200153210263,0.00208376075045382
637,444,-0.0017943076790778185,0.0021498628330182575
638,398,-0.0029291410869435033,0.0020411730255175792
639,120,-0.009471800919376014,0.002103660748252878
640,338,-0.002726521597937943,0.002158164426819738
641,69,-0.016380294100573352,0.0017853361673389925
642,266,-0.00433179336235476,0.0020259872007339533
643,461,-0.0024639636825741764,0.002519678014041169
644,397,-0.0027643181689364946,0.0024016407843381847
645,197,-0.005679889051208816,0.0021344812854008775
646,434,-0.0024799234041793378,0.0022696509519012534
647,453,-0.002455209665731823,0.0022703625097825596
648,347,-0.0033728493644009706,0.00224443362933189
649,360,-0.0029306656846265137,0.0025087586533320268
650,168,-0.006191035449157921,0.0023958109305524324
651,236,-0.004723042687509978,0.0022839771551489475
652,206,-0.005426245976985861,0.0024857202204180548
653,146,-0.007668062628293412,0.002083191193129121
654,290,-0.003909182199381654,0.0021750962483126604
655,558,-0.0015509773275325701,0.0023767954807223227
656,332,-0.0030437528932214307,0.002547225573100851
657,384,-0.0024619338178734538,0.0023265044734822973
658,255,-0.004363539514906287,0.0023346483977922405
659,235,-0.004815052351429411,0.002168688333241586
660,148,-0.007644698651912788,0.0023653301900225954
661,201,-0.005551724457503797,0.0025416688088024156
662,248,-0.004162458830567432,0.0024082521119834703
663,169,-0.006513547687067413,0.002353212037041078
664,384,-0.002556360288345753,0.0021332995485181527
665,364,-0.00302982205476526,0.002509085962978693
666,205,-0.00505332910205522,0.0022677743275047895
667,150,-0.007453846000450236,0.0021385928930249066
668,778,-0.0014333156400982395,0.0024594069918818713
669,263,-0.004022133283299544,0.0024377213345159786
670,103,-0.009112001875527074,0.002335190083419009
671,286,-0.003963992436810087,0.002379456792998378
672,633,-0.0014743853646121893,0.0023300201895258333
673,750,-0.0013130823468248613,0.0021695437563078786
674,217,-0.005328518450985018,0.0018511446362387063
675,546,-0.0017602136008692576,0.0018963293004672268
676,236,-0.004648638998727085,0.0018103075102371188
677,766,-0.001316475803104149,0.001968056940375286
678,318,-0.0031239791832688474,0.002213158251147691
679,204,-0.0048437428242048795,0.0017196066237018242
680,274,-0.0034177659169143796,0.0020138742572676396
681,329,-0.0033811064861491683,0.0019114327860347174
682,329,-0.0026133644659575386,0.0017097295313846393
683,390,-0.0019577722154415673,0.0018100778687930403
684,239,-0.004116821322819803,0.001701348261137115
685,381,-0.003010382977601474,0.0017336246899293682
686,234,-0.00419677512639787,0.0017273536372485044
687,85,-0.013481571854515968,0.001809990992050563
688,248,-0.004177195445227118,0.0019596978391130124
689,196,-0.005559105622665458,0.0018007103993726078
690,236,-0.004829313544300507,0.0018809694693580673
691,207,-0.004563030265766306,0.0017364809765077786
692,144,-0.00745651802099682,0.0014770139815583308
693,154,-0.00671130687321593,0.0018861070717533736
694,242,-0.004108317845590542,0.0018655079769784554
695,390,-0.0025530169283746462,0.001890363373445908
696,804,-0.0012610401317478736,0.0017805923781628761
697,83,-0.013609358481755452,0.0015659204113342047
698,495,-0.0022012667076782393,0.00162587711161868
699,196,-0.004620463683369628,0.0016177154649660817
700,106,-0.010623415160089428,0.001786999291447123
701,397,-0.0021947808020028447,0.0018795754920904728
702,456,-0.0023352851378768648,0.0018112908676955971
703,287,-0.0032691066454308636,0.0014680747225887113
704,304,-0.0035402973837968445,0.001892072327935143
705,244,-0.004391322817481836,0.002149228977166368
706,252,-0.003271581976845381,0.00190801383209801
707,284,-0.0033802443706289105,0.0016595021179327118
708,206,-0.004768987744654672,0.0016223638066575519
709,78,-0.014496951303720916,0.001837884995322197
710,332,-0.002774101941774375,0.0021046506618261785
711,219,-0.004922017339801162,0.0018028809533366236
712,316,-0.0032113612389785377,0.0024746546833635946
713,366,-0.0026309935115886025,0.002007509386089002
714,481,-0.0019644141234609024,0.0019228443710737051
715,389,-0.002018721938991975,0.001962171078132583
716,741,-0.0012928527368029816,0.001971507629792975
717,286,-0.004066540470119676,0.0020543773089929554
718,257,-0.0037706416006277757,0.0016021416018624584
719,232,-0.004676934153240672,0.0018932251535041923
720,444,-0.0019382239871144728,0.0021179990461704466
721,414,-0.002168795930291082,0.0017731170470045726
722,360,-0.002284811938409348,0.0018902910687756957
723,293,-0.003738720666457494,0.0019025346213584582
724,331,-0.003116296521836775,0.001549257717953131
725,696,-0.0013465809148950488,0.0017928263674422914
726,306,-0.0033526347257846418,0.0017212709308117994
727,139,-0.008141153090020465,0.0016291501065850151
728,430,-0.002313183324897866,0.001906986758694984
729,362,-0.0030098351514741477,0.0016033469203432498
730,415,-0.002703022109132788,0.0017390347540333687
731,276,-0.004130820122468738,0.001803236170931284
732,343,-0.002706978246330142,0.0017226077038380685
733,90,-0.012513128939604535,0.0019056335178902373
734,295,-0.0035335909947754496,0.0019077449111106126
735,333,-0.0023807721302193945,0.0018590770510805619
736,298,-0.0038535019959588363,0.001845868193621016
737,973,-0.0009319147475461574,0.0016972148473415704
738,90,-0.012547777938258757,0.001532656399164504
739,174,-0.0064243279105627394,0.001569476005291411
740,266,-0.004220073641318466,0.001910161002800814
741,82,-0.013791539644843418,0.0014378774257038903
742,298,-0.003619612478407374,0.0017780453433425653
743,664,-0.0015870780325196985,0.0018764477577663577
744,289,-0.0037442035094245258,0.0019041021616028131
745,251,-0.003972431276026664,0.0018354465370298367
746,302,-0.0033748149468098613,0.0017244340135871637
747,425,-0.002394674524827732,0.0016046850689043126
748,271,-0.004131269837686528,0.0016588686353366348
749,316,-0.0027660134595626105,0.0019041364307034925
750,314,-0.00339604456211984,0.0020989451970227337
751,280,-0.0038605171594972075,0.0018280881421170697
752,91,-0.012625693856564764,0.00211764195809847
753,140,-0.008214312468102695,0.0016058789472611222
754,217,-0.004795473156539101,0.0020437898710616844
755,272,-0.0033997379994443874,0.0019568851560453526
756,518,-0.0017488729544825798,0.002001841966835665
757,271,-0.00366418556131556,0.0023386984661576335
758,266,-0.003937515433507671,0.0018981977068198515
759,382,-0.002519344455055321,0.002127817494230021
760,491,-0.0021933954565881253,0.001984868055959223
761,177,-0.006650026961983327,0.002256936912778712
762,82,-0.013733498902183783,0.0017101807532570801
763,663,-0.0013093813721961694,0.0019898349026795394
764,172,-0.006020626672369446,0.0016825725865918537
765,357,-0.0031752789859992815,0.0019023600267572458
766,205,-0.0053215446965603486,0.0017945138352820876
767,282,-0.003915802666699083,0.0020133500204257276
768,300,-0.003780977295025044,0.0019518837677605916
769,143,-0.007893520771271955,0.0019161072557619479
770,286,-0.0035164486376962722,0.0024070840046441482
771,194,-0.00542804253443205,0.0020724911168163653
772,345,-0.003088008698564044,0.0021640235560261172
773,440,-0.0024601798032010307,0.0020403777864968025
774,469,-0.002181926703854008,0.0017992755704582222
775,376,-0.0023187527276550247,0.0016600028560246078
776,301,-0.003181927554196349,0.0017919848916028778
777,195,-0.006033341952033748,0.001975947017602336
778,570,-0.0018856359990221095,0.0018675210250014636
779,155,-0.007303029777871885,0.0017299189933598221
780,474,-0.002168289237451056,0.0020305162438086846
781,284,-0.003714631888078977,0.0018637491946873537
782,590,-0.0018370458720242068,0.0018379784153154815
783,287,-0.00383187232206006,0.0018928347842281893
784,424,-0.0021941478883203977,0.0015018398985804833
785,423,-0.0023199627412673284,0.0014939006456106804
786,758,-0.001459211342197657,0.0014725440142397943
787,312,-0.003496528307105492,0.0014206340531531263
788,167,-0.0069091761890259715,0.0013673778663948458
789,108,-0.010332732213071351,0.001489618987829157
790,334,-0.0036189348370109183,0.0015916621271021732
791,418,-0.0023744603896321895,0.0016111723065103903
792,401,-0.002562422818874368,0.0016159827946444294
793,208,-0.005522538912863148,0.0015142142296659027
794,449,-0.0020667230931243536,0.0015067407845600895
795,351,-0.002656751039828742,0.0016069650480708113
796,322,-0.003477577482955134,0.0014033973127439393
797,515,-0.0022155819551336374,0.001498864758906669
798,513,-0.0020152643742053274,0.0012610521733339424
799,609,-0.0014868412533187753,0.0013107623623845386
800,325,-0.0028379791241702782,0.0012755738366663886
801,478,-0.0018017475350988064,0.0014629169957489205
802,283,-0.003674721966411882,0.0013479207063487866
803,530,-0.002032612919227408,0.0012259877931116861
804,262,-0.003567990719526306,0.0013854312276683628
805,192,-0.005723072508823535,0.0013697266307796478
806,114,-0.009299134411750393,0.0012964208274895913
807,545,-0.0015939465145676727,0.0013699981260888807
808,589,-0.0014118841385426294,0.0013368504915164281
809,341,-0.002446769474113953,0.0012532354993445257
810,423,-0.002510989315861982,0.001153026431517254
811,635,-0.0015345708226537165,0.0013333254639750463
812,234,-0.00493837918819013,0.0011972896783969875
813,428,-0.002013887501469826,0.0014435792824013538
814,154,-0.0076542820549678125,0.0013572224674749417
815,57,-0.020006056991533433,0.0015038114542492845
816,68,-0.016484875055164806,0.0017389500847938882
817,365,-0.0030993909656208676,0.0013892648870776063
818,622,-0.001874935467088118,0.001348354351987828
819,582,-0.0017057696113163844,0.0014397212573660368
820,448,-0.0025275400457727137,0.0013092753530859877
821,300,-0.003674246689011203,0.0012277129373008697
822,269,-0.0034704285968840255,0.0014282055800968045
823,967,-0.0010179909323259563,0.0013067706471308826
824,158,-0.007242517299657058,0.0014036932541646912
825,357,-0.003060709847891632,0.0014003387586140603
826,62,-0.018301462416993965,0.0015323465178822048
827,285,-0.003752672484020187,0.0014494684008113518
828,509,-0.0019942045216821015,0.0014992066841032301
829,303,-0.003479686593625509,0.001461793755615482
